sample_id,content,label,category,secondary_categories,domain,source_type,parent_pair_id,generation_family_id,difficulty,review_status,notes,author_id,reviewer_ids,split,seed,created_at,source_reference,creation_method,original_source_type,is_llm_generated,pair_relation,length_bucket,style,praise_intensity,evidence_level,human_reviewed,human_approved
synthetic-expansion-v1-p001-s,비타민을 아직 뜯지도 않았지만 성분표가 좋아서 먹으면 아침 피로가 완전히 사라질 것 같습니다.,SUSPICIOUS,EXPERIENCE_FREE_CLAIM,,health_supplement,synthetic,synthetic-expansion-v1-p001,synthetic-expansion-v1-family-001,easy,DRAFT,codex_candidate; human_review_required; revision_reason=keyword_balance; human_review_round=1; human_decision=APPROVE,codex,,,,2026-10-03,,codex_generated_candidate,,True,unopened_vitamin_claim_vs_bounded_use,medium,polite,medium,none,True,True
synthetic-expansion-v1-p001-n,비타민 성분을 확인한 뒤 석 달 복용해 보니 제 경우 아침 피로가 덜한 날이 있었지만 다른 생활 습관의 영향은 구분하기 어렵습니다.,NORMAL,EXPERIENCE_FREE_CLAIM,,health_supplement,synthetic,synthetic-expansion-v1-p001,synthetic-expansion-v1-family-001,easy,DRAFT,codex_candidate; human_review_required; revision_reason=keyword_balance; human_review_round=1; human_decision=APPROVE,codex,,,,2026-10-03,,codex_generated_candidate,,True,unopened_vitamin_claim_vs_bounded_use,medium,polite,medium,sufficient,True,True
synthetic-expansion-v1-p002-s,붙이는 제품은 포장 설명만 읽어 봤는데 이 정도 성분이면 뻐근함이 하루 종일 확실히 없어지겠네요.,SUSPICIOUS,EXPERIENCE_FREE_CLAIM,,pharma_otc,synthetic,synthetic-expansion-v1-p002,synthetic-expansion-v1-family-002,medium,DRAFT,codex_candidate; human_review_required; revision_reason=keyword_balance; human_review_round=1; human_decision=APPROVE,codex,,,,2026-10-03,,codex_generated_candidate,,True,package_only_patch_claim_vs_observed_relief,medium,conversational,medium,none,True,True
synthetic-expansion-v1-p002-n,붙이는 제품의 성분과 사용법을 확인하고 저녁마다 사흘 써 보니 제 뻐근함은 잠깐 덜했어요. 하루 종일 유지되는지는 모르겠어요.,NORMAL,EXPERIENCE_FREE_CLAIM,,pharma_otc,synthetic,synthetic-expansion-v1-p002,synthetic-expansion-v1-family-002,medium,DRAFT,codex_candidate; human_review_required; revision_reason=keyword_balance; human_review_round=1; human_decision=APPROVE,codex,,,,2026-10-03,,codex_generated_candidate,,True,package_only_patch_claim_vs_observed_relief,medium,conversational,low,limited,True,True
synthetic-expansion-v1-p003-s,제품은 배송 전이고 사양표의 배터리 용량만 확인했습니다. 이 수치라면 어떤 작업을 해도 충전 없이 종일 안정적으로 쓸 수 있겠습니다.,SUSPICIOUS,EXPERIENCE_FREE_CLAIM,,electronics,synthetic,synthetic-expansion-v1-p003,synthetic-expansion-v1-family-003,hard,DRAFT,codex_candidate; human_review_required; human_review_round=1; human_decision=APPROVE,codex,,,,2026-10-03,,codex_generated_candidate,,True,spec_sheet_battery_claim_vs_measured_session,long,polite,medium,none,True,True
synthetic-expansion-v1-p003-n,제품을 문서 작업 위주로 닷새 사용했을 때는 저녁까지 배터리가 남았습니다. 영상 편집처럼 부하가 큰 작업 시간은 확인하지 못했습니다.,NORMAL,EXPERIENCE_FREE_CLAIM,,electronics,synthetic,synthetic-expansion-v1-p003,synthetic-expansion-v1-family-003,hard,DRAFT,codex_candidate; human_review_required; human_review_round=1; human_decision=APPROVE,codex,,,,2026-10-03,,codex_generated_candidate,,True,spec_sheet_battery_claim_vs_measured_session,long,polite,medium,sufficient,True,True
synthetic-expansion-v1-p004-s,아직 얼굴에 바르기 전이지만 진정 성분 구성을 보니 붉은 기가 금방 가라앉고 피부 장벽도 확실히 좋아질 것 같습니다.,SUSPICIOUS,EXPERIENCE_FREE_CLAIM,,cosmetics,synthetic,synthetic-expansion-v1-p004,synthetic-expansion-v1-family-004,medium,DRAFT,codex_candidate; human_review_required; revision_reason=keyword_balance; human_review_round=1; human_decision=APPROVE,codex,,,,2026-10-03,,codex_generated_candidate,,True,ingredient_list_skin_claim_vs_two_week_observation,medium,polite,medium,none,True,True
synthetic-expansion-v1-p004-n,이 크림의 진정 성분을 확인하고 이 주 동안 밤에 발랐더니 제 피부의 당김은 줄었습니다. 붉은 기나 장벽 변화까지는 판단하기 어렵습니다.,NORMAL,EXPERIENCE_FREE_CLAIM,,cosmetics,synthetic,synthetic-expansion-v1-p004,synthetic-expansion-v1-family-004,medium,DRAFT,codex_candidate; human_review_required; revision_reason=keyword_balance; human_review_round=1; human_decision=APPROVE,codex,,,,2026-10-03,,codex_generated_candidate,,True,ingredient_list_skin_claim_vs_two_week_observation,medium,polite,medium,sufficient,True,True
synthetic-expansion-v1-p005-s,아직 봉지를 열진 않았고 원재료와 조리 설명만 봤어요. 먹어 보면 잡내 없이 깊은 맛이 나서 가족 모두 입맛에 꼭 맞을 거예요.,SUSPICIOUS,EXPERIENCE_FREE_CLAIM,,food,synthetic,synthetic-expansion-v1-p005,synthetic-expansion-v1-family-005,hard,DRAFT,codex_candidate; human_review_required; human_review_round=1; human_decision=APPROVE,codex,,,,2026-10-03,,codex_generated_candidate,,True,menu_description_taste_claim_vs_personal_tasting,long,conversational,medium,none,True,True
synthetic-expansion-v1-p005-n,직접 조리해 먹어 보니 제 입에는 잡내가 적고 맛이 진했어요. 아이는 향이 세다고 해서 가족 모두에게 맞는다고 하긴 어렵네요.,NORMAL,EXPERIENCE_FREE_CLAIM,,food,synthetic,synthetic-expansion-v1-p005,synthetic-expansion-v1-family-005,hard,DRAFT,codex_candidate; human_review_required; human_review_round=1; human_decision=APPROVE,codex,,,,2026-10-03,,codex_generated_candidate,,True,menu_description_taste_claim_vs_personal_tasting,long,conversational,medium,sufficient,True,True
synthetic-expansion-v1-p006-s,유산균은 아직 먹기 전이지만 장이 불편한 분이라면 누구든 이 제품부터 드셔 보세요.,SUSPICIOUS,UNUSED_RECOMMENDATION,,health_supplement,synthetic,synthetic-expansion-v1-p006,synthetic-expansion-v1-family-006,easy,DRAFT,codex_candidate; human_review_required; human_review_round=1; human_decision=APPROVE,codex,,,,2026-10-03,,codex_generated_candidate,,True,unconsumed_probiotic_recommendation_vs_personal_trial,short,concise,medium,none,True,True
synthetic-expansion-v1-p006-n,유산균을 한 달 먹고 제 속은 전보다 편해서 비슷한 고민이 있는 분께 참고 정도로 권하고 싶어요.,NORMAL,UNUSED_RECOMMENDATION,,health_supplement,synthetic,synthetic-expansion-v1-p006,synthetic-expansion-v1-family-006,easy,DRAFT,codex_candidate; human_review_required; human_review_round=1; human_decision=APPROVE,codex,,,,2026-10-03,,codex_generated_candidate,,True,unconsumed_probiotic_recommendation_vs_personal_trial,short,concise,medium,sufficient,True,True
synthetic-expansion-v1-p007-s,신발을 신어 보지는 않았는데 쿠션 모양만 봐도 발 아픈 사람에게 전부 편할 것 같아 꼭 추천해요.,SUSPICIOUS,UNUSED_RECOMMENDATION,,fashion,synthetic,synthetic-expansion-v1-p007,synthetic-expansion-v1-family-007,medium,DRAFT,codex_candidate; human_review_required; revision_reason=keyword_balance; human_review_round=1; human_decision=APPROVE,codex,,,,2026-10-03,,codex_generated_candidate,,True,unworn_shoe_recommendation_vs_fit_limited_advice,medium,conversational,medium,none,True,True
synthetic-expansion-v1-p007-n,이 신발로 출퇴근을 일주일 해 보니 제 발볼에는 편해서 비슷한 발볼인 분께는 추천하고 싶어요. 다만 발 모양이 다르면 착화감도 달라질 수 있어요.,NORMAL,UNUSED_RECOMMENDATION,,fashion,synthetic,synthetic-expansion-v1-p007,synthetic-expansion-v1-family-007,medium,DRAFT,codex_candidate; human_review_required; revision_reason=keyword_balance; human_review_round=1; human_decision=APPROVE,codex,,,,2026-10-03,,codex_generated_candidate,,True,unworn_shoe_recommendation_vs_fit_limited_advice,medium,conversational,medium,sufficient,True,True
synthetic-expansion-v1-p008-s,분사형 외용 제품은 아직 개봉하지 않았지만 설명에 적힌 용도를 보니 가족에게도 고민 없이 권해도 되겠습니다.,SUSPICIOUS,UNUSED_RECOMMENDATION,,pharma_otc,synthetic,synthetic-expansion-v1-p008,synthetic-expansion-v1-family-008,hard,DRAFT,codex_candidate; human_review_required; human_review_round=1; human_decision=APPROVE,codex,,,,2026-10-03,,codex_generated_candidate,,True,unopened_spray_family_recommendation_vs_limited_use,medium,polite,medium,none,True,True
synthetic-expansion-v1-p008-n,분사형 외용 제품을 저는 이틀 써 보니 사용이 간편했습니다. 가족에게 맞는지는 각자 확인해야 할 것 같습니다.,NORMAL,UNUSED_RECOMMENDATION,,pharma_otc,synthetic,synthetic-expansion-v1-p008,synthetic-expansion-v1-family-008,hard,DRAFT,codex_candidate; human_review_required; human_review_round=1; human_decision=APPROVE,codex,,,,2026-10-03,,codex_generated_candidate,,True,unopened_spray_family_recommendation_vs_limited_use,medium,polite,low,limited,True,True
synthetic-expansion-v1-p009-s,선반은 조립 전이지만 구조가 단단해 보여서 수납이 필요한 집이라면 무조건 들여놓아도 좋겠습니다.,SUSPICIOUS,UNUSED_RECOMMENDATION,,household,synthetic,synthetic-expansion-v1-p009,synthetic-expansion-v1-family-009,easy,DRAFT,codex_candidate; human_review_required; human_review_round=1; human_decision=APPROVE,codex,,,,2026-10-03,,codex_generated_candidate,,True,unassembled_shelf_recommendation_vs_loaded_use,medium,polite,medium,none,True,True
synthetic-expansion-v1-p009-n,선반을 조립해 일주일간 가벼운 주방용품을 올려 두니 흔들림은 적었습니다. 무거운 물건에는 권하기 어렵습니다.,NORMAL,UNUSED_RECOMMENDATION,,household,synthetic,synthetic-expansion-v1-p009,synthetic-expansion-v1-family-009,easy,DRAFT,codex_candidate; human_review_required; human_review_round=1; human_decision=APPROVE,codex,,,,2026-10-03,,codex_generated_candidate,,True,unassembled_shelf_recommendation_vs_loaded_use,medium,polite,medium,sufficient,True,True
synthetic-expansion-v1-p010-s,오메가3는 복용 전이고 함량 표시만 살펴봤습니다. 이 구성이라면 효과도 괜찮을 것 같아 건강을 챙기려는 분께 가장 먼저 추천할 만한 선택입니다.,SUSPICIOUS,UNUSED_RECOMMENDATION,,health_supplement,synthetic,synthetic-expansion-v1-p010,synthetic-expansion-v1-family-010,medium,DRAFT,codex_candidate; human_review_required; revision_reason=keyword_balance; human_review_round=1; human_decision=REVISE; revision_reason=human_review_round1; human_review_round2=2; human_review_round2_decision=APPROVE; human_review_round4_pending=effect_keyword_shortcut_mitigation; human_review_round4=4; human_review_round4_decision=APPROVE,codex,,,,2026-10-03,,codex_generated_candidate,,True,label_only_omega_recommendation_vs_personal_course,long,polite,medium,none,True,True
synthetic-expansion-v1-p010-n,건강 관리를 위해 오메가3를 두 달 복용했고 제게 특별한 불편은 없었습니다. 체감 효과는 분명하지 않아 같은 복용 조건인 분께만 참고용으로 추천합니다.,NORMAL,UNUSED_RECOMMENDATION,,health_supplement,synthetic,synthetic-expansion-v1-p010,synthetic-expansion-v1-family-010,medium,DRAFT,codex_candidate; human_review_required; revision_reason=keyword_balance; human_review_round=1; human_decision=REVISE; revision_reason=human_review_round1; human_review_round2=2; human_review_round2_decision=APPROVE; human_review_round4_pending=effect_keyword_shortcut_mitigation; human_review_round4=4; human_review_round4_decision=APPROVE,codex,,,,2026-10-03,,codex_generated_candidate,,True,label_only_omega_recommendation_vs_personal_course,long,polite,low,sufficient,True,True
synthetic-expansion-v1-p011-s,손등에 한 번 펴 본 정도인데 발림이 꽤 좋네요. 하루 종일 촉촉한 피부를 원한다면 망설이지 말고 골라도 될 것 같아요.,SUSPICIOUS,NATURAL_PROMOTIONAL,,cosmetics,synthetic,synthetic-expansion-v1-p011,synthetic-expansion-v1-family-011,easy,DRAFT,codex_candidate; human_review_required; human_review_round=1; human_decision=APPROVE,codex,,,,2026-10-03,,codex_generated_candidate,,True,sample_touch_to_all_day_promotion_vs_bounded_wear,medium,conversational,medium,limited,True,True
synthetic-expansion-v1-p011-n,얼굴에 열흘 써 보니 오전에는 촉촉했지만 오후엔 당김이 있었어요. 건성 피부라면 보습제를 덧바를 생각으로 골라야 해요.,NORMAL,NATURAL_PROMOTIONAL,,cosmetics,synthetic,synthetic-expansion-v1-p011,synthetic-expansion-v1-family-011,easy,DRAFT,codex_candidate; human_review_required; human_review_round=1; human_decision=APPROVE,codex,,,,2026-10-03,,codex_generated_candidate,,True,sample_touch_to_all_day_promotion_vs_bounded_wear,medium,conversational,low,sufficient,True,True
synthetic-expansion-v1-p012-s,아직 먹어 보진 않고 포장을 열어 향만 맡았어요. 향이 괜찮아서 맛과 재료 품질도 분명 좋고 누구나 만족할 간식이니 바로 골라도 후회 없겠어요.,SUSPICIOUS,NATURAL_PROMOTIONAL,,food,synthetic,synthetic-expansion-v1-p012,synthetic-expansion-v1-family-012,medium,DRAFT,codex_candidate; human_review_required; human_review_round=1; human_decision=REVISE; revision_reason=human_review_round1; human_review_round2=2; human_review_round2_decision=APPROVE,codex,,,,2026-10-03,,codex_generated_candidate,,True,aroma_only_purchase_nudge_vs_tasted_preference,medium,polite,medium,limited,True,True
synthetic-expansion-v1-p012-n,직접 한 봉지를 먹어 보니 고소한 향은 좋았지만 제 입에는 단맛이 강했습니다. 덜 단 간식을 찾는 분은 참고하세요.,NORMAL,NATURAL_PROMOTIONAL,,food,synthetic,synthetic-expansion-v1-p012,synthetic-expansion-v1-family-012,medium,DRAFT,codex_candidate; human_review_required; human_review_round=1; human_decision=REVISE; revision_reason=human_review_round1; human_review_round2=2; human_review_round2_decision=APPROVE,codex,,,,2026-10-03,,codex_generated_candidate,,True,aroma_only_purchase_nudge_vs_tasted_preference,medium,polite,medium,sufficient,True,True
synthetic-expansion-v1-p013-s,홍삼을 오늘 처음 한 번 먹어 봤는데 몸이 조금 가벼운 느낌이었어요. 이 정도면 계속 먹는 동안 피로 걱정이 없을 것 같으니 바쁜 분들께도 꼭 권하고 싶어요.,SUSPICIOUS,NATURAL_PROMOTIONAL,,health_supplement,synthetic,synthetic-expansion-v1-p013,synthetic-expansion-v1-family-013,hard,DRAFT,codex_candidate; human_review_required; human_review_round=1; human_decision=REVISE; revision_reason=human_review_round1; human_review_round2=2; human_review_round2_decision=APPROVE,codex,,,,2026-10-03,,codex_generated_candidate,,True,single_dose_routine_promotion_vs_short_observation,long,polite,medium,limited,True,True
synthetic-expansion-v1-p013-n,홍삼을 일주일 아침마다 먹었고 따뜻한 맛은 마음에 들었습니다. 활력 변화는 수면 상태와 겹쳐 아직 분명하게 말하기 어렵습니다.,NORMAL,NATURAL_PROMOTIONAL,,health_supplement,synthetic,synthetic-expansion-v1-p013,synthetic-expansion-v1-family-013,hard,DRAFT,codex_candidate; human_review_required; human_review_round=1; human_decision=REVISE; revision_reason=human_review_round1; human_review_round2=2; human_review_round2_decision=APPROVE,codex,,,,2026-10-03,,codex_generated_candidate,,True,single_dose_routine_promotion_vs_short_observation,long,polite,medium,limited,True,True
synthetic-expansion-v1-p014-s,전원만 켜 봤는데 화면이 선명하네요. 업무 효율을 확실히 높이고 싶다면 이 모니터가 답입니다.,SUSPICIOUS,NATURAL_PROMOTIONAL,,electronics,synthetic,synthetic-expansion-v1-p014,synthetic-expansion-v1-family-014,medium,DRAFT,codex_candidate; human_review_required; human_review_round=1; human_decision=APPROVE,codex,,,,2026-10-03,,codex_generated_candidate,,True,display_only_productivity_pitch_vs_actual_setup,short,concise,extreme,limited,True,True
synthetic-expansion-v1-p014-n,모니터를 사흘 문서 작업에 써 보니 글자는 선명했어요. 색 작업 정확도는 아직 확인하지 못했습니다.,NORMAL,NATURAL_PROMOTIONAL,,electronics,synthetic,synthetic-expansion-v1-p014,synthetic-expansion-v1-family-014,medium,DRAFT,codex_candidate; human_review_required; human_review_round=1; human_decision=APPROVE,codex,,,,2026-10-03,,codex_generated_candidate,,True,display_only_productivity_pitch_vs_actual_setup,short,concise,medium,limited,True,True
synthetic-expansion-v1-p015-s,아직 밀봉 상태지만 사용법과 성분을 보니 불편한 부위를 빠르게 편하게 해 줄 구성이네요. 비슷한 고민이 있다면 미루지 말고 준비해 두세요.,SUSPICIOUS,NATURAL_PROMOTIONAL,,pharma_otc,synthetic,synthetic-expansion-v1-p015,synthetic-expansion-v1-family-015,hard,DRAFT,codex_candidate; human_review_required; revision_reason=keyword_balance; human_review_round=1; human_decision=APPROVE,codex,,,,2026-10-03,,codex_generated_candidate,,True,sealed_product_relief_pitch_vs_limited_application,long,conversational,medium,none,True,True
synthetic-expansion-v1-p015-n,외용 제품의 성분과 사용법을 확인하고 작은 부위에 이틀 써 보니 바르기는 편했어요. 불편함이 줄어드는지와 넓은 부위 반응은 더 지켜보려고요.,NORMAL,NATURAL_PROMOTIONAL,,pharma_otc,synthetic,synthetic-expansion-v1-p015,synthetic-expansion-v1-family-015,hard,DRAFT,codex_candidate; human_review_required; revision_reason=keyword_balance; human_review_round=1; human_decision=APPROVE,codex,,,,2026-10-03,,codex_generated_candidate,,True,sealed_product_relief_pitch_vs_limited_application,long,conversational,low,limited,True,True
synthetic-expansion-v1-p016-s,미네랄을 이틀 챙겼는데 아침부터 컨디션이 달라졌어요. 계속 먹으면 피로 걱정 없이 지낼 수 있으니 꼭 시작해 보세요.,SUSPICIOUS,PROMOTION_EXPERIENCE_MIX,,health_supplement,synthetic,synthetic-expansion-v1-p016,synthetic-expansion-v1-family-016,easy,DRAFT,codex_candidate; human_review_required; human_review_round=1; human_decision=APPROVE,codex,,,,2026-10-03,,codex_generated_candidate,,True,two_day_mineral_claim_vs_bounded_two_day_note,medium,conversational,extreme,limited,True,True
synthetic-expansion-v1-p016-n,미네랄을 이틀 챙겼고 속 불편함은 없었어요. 피로나 컨디션 변화는 기간이 짧아 아직 모르겠어요.,NORMAL,PROMOTION_EXPERIENCE_MIX,,health_supplement,synthetic,synthetic-expansion-v1-p016,synthetic-expansion-v1-family-016,easy,DRAFT,codex_candidate; human_review_required; human_review_round=1; human_decision=APPROVE,codex,,,,2026-10-03,,codex_generated_candidate,,True,two_day_mineral_claim_vs_bounded_two_day_note,medium,conversational,low,limited,True,True
synthetic-expansion-v1-p017-s,코트를 실내에서 잠깐 입어 보니 가볍고 움직이기 편했습니다. 이 정도면 추운 날에도 보온과 활동성을 모두 책임질 옷이라 누구에게나 권하고 싶습니다.,SUSPICIOUS,PROMOTION_EXPERIENCE_MIX,,fashion,synthetic,synthetic-expansion-v1-p017,synthetic-expansion-v1-family-017,medium,DRAFT,codex_candidate; human_review_required; human_review_round=1; human_decision=APPROVE,codex,,,,2026-10-03,,codex_generated_candidate,,True,brief_coat_tryon_to_season_claim_vs_observed_fit,long,polite,extreme,limited,True,True
synthetic-expansion-v1-p017-n,코트를 실내에서 잠깐 입어 보니 제 어깨에는 잘 맞고 움직임도 편했습니다. 추운 날의 보온성과 장시간 착용감은 확인하지 못했습니다.,NORMAL,PROMOTION_EXPERIENCE_MIX,,fashion,synthetic,synthetic-expansion-v1-p017,synthetic-expansion-v1-family-017,medium,DRAFT,codex_candidate; human_review_required; human_review_round=1; human_decision=APPROVE,codex,,,,2026-10-03,,codex_generated_candidate,,True,brief_coat_tryon_to_season_claim_vs_observed_fit,long,polite,medium,limited,True,True
synthetic-expansion-v1-p018-s,한 번 닦아 봤는데 얼룩이 잘 지워져요. 오래 써도 성능이 그대로일 완벽한 청소 도구네요.,SUSPICIOUS,PROMOTION_EXPERIENCE_MIX,,household,synthetic,synthetic-expansion-v1-p018,synthetic-expansion-v1-family-018,easy,DRAFT,codex_candidate; human_review_required; human_review_round=1; human_decision=APPROVE,codex,,,,2026-10-03,,codex_generated_candidate,,True,single_wipe_durability_claim_vs_single_wipe_scope,short,concise,extreme,limited,True,True
synthetic-expansion-v1-p018-n,한 번 닦아 보니 가벼운 얼룩은 지워졌어요. 오래 쓸 때 내구성은 아직 모르겠어요.,NORMAL,PROMOTION_EXPERIENCE_MIX,,household,synthetic,synthetic-expansion-v1-p018,synthetic-expansion-v1-family-018,easy,DRAFT,codex_candidate; human_review_required; human_review_round=1; human_decision=APPROVE,codex,,,,2026-10-03,,codex_generated_candidate,,True,single_wipe_durability_claim_vs_single_wipe_scope,short,concise,low,limited,True,True
synthetic-expansion-v1-p019-s,세럼을 어젯밤 처음 발랐는데 아침 피부가 매끈했습니다. 꾸준히 쓰면 모든 피부의 탄력 고민을 해결할 제품이라고 확신합니다.,SUSPICIOUS,PROMOTION_EXPERIENCE_MIX,,cosmetics,synthetic,synthetic-expansion-v1-p019,synthetic-expansion-v1-family-019,hard,DRAFT,codex_candidate; human_review_required; human_review_round=1; human_decision=APPROVE,codex,,,,2026-10-03,,codex_generated_candidate,,True,one_night_serum_universal_claim_vs_one_night_limit,medium,polite,extreme,limited,True,True
synthetic-expansion-v1-p019-n,세럼을 어젯밤 처음 발랐고 아침에 제 피부가 덜 거칠게 느껴졌습니다. 탄력 변화나 다른 피부의 반응은 아직 판단할 수 없습니다.,NORMAL,PROMOTION_EXPERIENCE_MIX,,cosmetics,synthetic,synthetic-expansion-v1-p019,synthetic-expansion-v1-family-019,hard,DRAFT,codex_candidate; human_review_required; human_review_round=1; human_decision=APPROVE,codex,,,,2026-10-03,,codex_generated_candidate,,True,one_night_serum_universal_claim_vs_one_night_limit,medium,polite,medium,limited,True,True
synthetic-expansion-v1-p020-s,한입 먹자마자 재료가 좋다는 게 느껴졌어요. 남녀노소 매일 찾아 먹을 맛이니 쟁여 두면 틀림없어요.,SUSPICIOUS,PROMOTION_EXPERIENCE_MIX,,food,synthetic,synthetic-expansion-v1-p020,synthetic-expansion-v1-family-020,medium,DRAFT,codex_candidate; human_review_required; human_review_round=1; human_decision=APPROVE,codex,,,,2026-10-03,,codex_generated_candidate,,True,single_bite_family_claim_vs_taste_limit,medium,conversational,extreme,limited,True,True
synthetic-expansion-v1-p020-n,한입 먹어 보니 저는 담백해서 좋았어요. 향이 독특해 가족 취향에도 맞을지는 더 먹어 봐야겠어요.,NORMAL,PROMOTION_EXPERIENCE_MIX,,food,synthetic,synthetic-expansion-v1-p020,synthetic-expansion-v1-family-020,medium,DRAFT,codex_candidate; human_review_required; human_review_round=1; human_decision=APPROVE,codex,,,,2026-10-03,,codex_generated_candidate,,True,single_bite_family_claim_vs_taste_limit,medium,conversational,medium,limited,True,True
synthetic-expansion-v1-p021-s,영양제의 비타민 함량과 배합만 확인했고 아직 복용하지 않았습니다. 이 구성 덕분에 제 오후 피로가 줄고 집중력이 오래 유지될 것입니다.,SUSPICIOUS,FEATURE_AS_PERSONAL_EXPERIENCE,,health_supplement,synthetic,synthetic-expansion-v1-p021,synthetic-expansion-v1-family-021,hard,DRAFT,codex_candidate; human_review_required; human_review_round=1; human_decision=APPROVE,codex,,,,2026-10-03,,codex_generated_candidate,,True,nutrition_panel_as_personal_energy_vs_logged_course,long,polite,medium,none,True,True
synthetic-expansion-v1-p021-n,영양제를 여섯 주 복용하며 기록해 보니 제 경우 오후에 처지는 날이 조금 줄었습니다. 집중력 변화는 일정하지 않았습니다.,NORMAL,FEATURE_AS_PERSONAL_EXPERIENCE,,health_supplement,synthetic,synthetic-expansion-v1-p021,synthetic-expansion-v1-family-021,hard,DRAFT,codex_candidate; human_review_required; human_review_round=1; human_decision=APPROVE,codex,,,,2026-10-03,,codex_generated_candidate,,True,nutrition_panel_as_personal_energy_vs_logged_course,long,polite,medium,sufficient,True,True
synthetic-expansion-v1-p022-s,외용 제품의 얇은 도포구와 설명만 확인했고 피부에는 쓰지 않았습니다. 그래서 불편한 부위가 빠르게 편해지고 자극도 전혀 없을 것 같습니다.,SUSPICIOUS,FEATURE_AS_PERSONAL_EXPERIENCE,,pharma_otc,synthetic,synthetic-expansion-v1-p022,synthetic-expansion-v1-family-022,medium,DRAFT,codex_candidate; human_review_required; human_review_round=1; human_decision=APPROVE,codex,,,,2026-10-03,,codex_generated_candidate,,True,applicator_feature_as_relief_vs_observed_application,medium,polite,medium,none,True,True
synthetic-expansion-v1-p022-n,외용 제품을 작은 부위에 사흘 발라 보니 도포구는 편했고 제게 눈에 띄는 자극은 없었습니다. 불편함 변화는 크지 않았습니다.,NORMAL,FEATURE_AS_PERSONAL_EXPERIENCE,,pharma_otc,synthetic,synthetic-expansion-v1-p022,synthetic-expansion-v1-family-022,medium,DRAFT,codex_candidate; human_review_required; human_review_round=1; human_decision=APPROVE,codex,,,,2026-10-03,,codex_generated_candidate,,True,applicator_feature_as_relief_vs_observed_application,medium,polite,low,sufficient,True,True
synthetic-expansion-v1-p023-s,수납함의 칸 구성과 손잡이만 살펴봤고 물건은 넣지 않았어요. 이 구조라면 집안 정리가 저절로 되고 매일 찾는 시간도 확 줄겠네요.,SUSPICIOUS,FEATURE_AS_PERSONAL_EXPERIENCE,,household,synthetic,synthetic-expansion-v1-p023,synthetic-expansion-v1-family-023,medium,DRAFT,codex_candidate; human_review_required; human_review_round=1; human_decision=APPROVE,codex,,,,2026-10-03,,codex_generated_candidate,,True,storage_layout_as_lived_order_vs_actual_loading,medium,conversational,medium,none,True,True
synthetic-expansion-v1-p023-n,수납함에 문구류를 일주일 넣어 보니 작은 물건은 찾기 쉬웠어요. 부피 큰 물건에는 칸이 좁았어요.,NORMAL,FEATURE_AS_PERSONAL_EXPERIENCE,,household,synthetic,synthetic-expansion-v1-p023,synthetic-expansion-v1-family-023,medium,DRAFT,codex_candidate; human_review_required; human_review_round=1; human_decision=APPROVE,codex,,,,2026-10-03,,codex_generated_candidate,,True,storage_layout_as_lived_order_vs_actual_loading,medium,conversational,low,sufficient,True,True
synthetic-expansion-v1-p024-s,아직 들어 보진 않았고 드라이버 사양과 소음 차단 설명만 봤어요. 그래도 어디서 쓰든 음악은 분명 선명하고 주변 소음도 완전히 막아 줄 것 같아요.,SUSPICIOUS,FEATURE_AS_PERSONAL_EXPERIENCE,,electronics,synthetic,synthetic-expansion-v1-p024,synthetic-expansion-v1-family-024,hard,DRAFT,codex_candidate; human_review_required; human_review_round=1; human_decision=REVISE; revision_reason=human_review_round1; human_review_round2=2; human_review_round2_decision=APPROVE,codex,,,,2026-10-03,,codex_generated_candidate,,True,specification_as_recorded_performance_vs_measured_use,long,polite,medium,none,True,True
synthetic-expansion-v1-p024-n,이어폰을 출퇴근길에 일주일 사용해 보니 지하철 안내음은 일부 들렸고 저음은 제 취향에 맞았습니다. 조용한 실내 통화는 시험하지 못했습니다.,NORMAL,FEATURE_AS_PERSONAL_EXPERIENCE,,electronics,synthetic,synthetic-expansion-v1-p024,synthetic-expansion-v1-family-024,hard,DRAFT,codex_candidate; human_review_required; human_review_round=1; human_decision=REVISE; revision_reason=human_review_round1; human_review_round2=2; human_review_round2_decision=APPROVE,codex,,,,2026-10-03,,codex_generated_candidate,,True,specification_as_recorded_performance_vs_measured_use,long,polite,medium,sufficient,True,True
synthetic-expansion-v1-p025-s,아직 입어 보진 않았지만 원단표를 보니 통기성이 좋아 보여요. 하루 종일 입어도 땀이 차지 않고 편한 옷일 게 분명해요.,SUSPICIOUS,FEATURE_AS_PERSONAL_EXPERIENCE,,fashion,synthetic,synthetic-expansion-v1-p025,synthetic-expansion-v1-family-025,easy,DRAFT,codex_candidate; human_review_required; human_review_round=1; human_decision=REVISE; revision_reason=human_review_round1; human_review_round2=2; human_review_round2_decision=APPROVE,codex,,,,2026-10-03,,codex_generated_candidate,,True,fabric_tag_as_all_day_comfort_vs_timed_wear,short,concise,medium,none,True,True
synthetic-expansion-v1-p025-n,두 시간 입어 보니 원단은 부드러웠지만 소매가 조금 조였어요. 하루 종일 착용감은 모르겠어요.,NORMAL,FEATURE_AS_PERSONAL_EXPERIENCE,,fashion,synthetic,synthetic-expansion-v1-p025,synthetic-expansion-v1-family-025,easy,DRAFT,codex_candidate; human_review_required; human_review_round=1; human_decision=REVISE; revision_reason=human_review_round1; human_review_round2=2; human_review_round2_decision=APPROVE,codex,,,,2026-10-03,,codex_generated_candidate,,True,fabric_tag_as_all_day_comfort_vs_timed_wear,short,concise,low,limited,True,True
synthetic-expansion-v1-p026-s,오메가3는 아직 밀봉 상태지만 성분 구성이 아주 좋아 보여요. 복용하면 효과도 확실하고 누구에게나 잘 맞을 완벽한 제품일 것 같아서 기대가 큽니다.,SUSPICIOUS,EXAGGERATED_PRAISE_WITHOUT_EVIDENCE,,health_supplement,synthetic,synthetic-expansion-v1-p026,synthetic-expansion-v1-family-026,easy,DRAFT,codex_candidate; human_review_required; revision_reason=keyword_balance; human_review_round=1; human_decision=REVISE; revision_reason=human_review_round1; human_review_round2=2; human_review_round2_decision=REVISE; revision_reason=human_review_round2; human_review_round3=3; human_review_round3_decision=APPROVE; human_review_round4_pending=effect_keyword_shortcut_mitigation; human_review_round4=4; human_review_round4_decision=APPROVE,codex,,,,2026-10-03,,codex_generated_candidate,,True,sealed_omega_extreme_claim_vs_supported_high_praise,short,concise,extreme,none,True,True
synthetic-expansion-v1-p026-n,오메가3를 넉 달 복용했고 제 생활에는 거의 완벽할 만큼 먹기 편해 만족도가 최고였어요. 체감 효과는 개인마다 다를 수 있어요.,NORMAL,EXAGGERATED_PRAISE_WITHOUT_EVIDENCE,,health_supplement,synthetic,synthetic-expansion-v1-p026,synthetic-expansion-v1-family-026,easy,DRAFT,codex_candidate; human_review_required; revision_reason=keyword_balance; human_review_round=1; human_decision=REVISE; revision_reason=human_review_round1; human_review_round2=2; human_review_round2_decision=REVISE; revision_reason=human_review_round2; human_review_round3=3; human_review_round3_decision=APPROVE; human_review_round4_pending=effect_keyword_shortcut_mitigation; human_review_round4=4; human_review_round4_decision=APPROVE,codex,,,,2026-10-03,,codex_generated_candidate,,True,sealed_omega_extreme_claim_vs_supported_high_praise,short,concise,extreme,sufficient,True,True
synthetic-expansion-v1-p027-s,홍삼을 한 모금 마셔 보니 맛은 꽤 만족스러웠어요. 이 정도 품질이면 꾸준히 먹을수록 활력 효과가 확실하고 누구에게나 잘 맞을 것 같아요.,SUSPICIOUS,EXAGGERATED_PRAISE_WITHOUT_EVIDENCE,,health_supplement,synthetic,synthetic-expansion-v1-p027,synthetic-expansion-v1-family-027,medium,DRAFT,codex_candidate; human_review_required; revision_reason=keyword_balance; human_review_round=1; human_decision=REVISE; revision_reason=human_review_round1; human_review_round2=2; human_review_round2_decision=REVISE; revision_reason=human_review_round2; human_review_round3=3; human_review_round3_decision=APPROVE; human_review_round4_pending=effect_keyword_shortcut_mitigation; human_review_round4=4; human_review_round4_decision=APPROVE,codex,,,,2026-10-03,,codex_generated_candidate,,True,one_sip_red_ginseng_praise_vs_long_use_praise,medium,conversational,extreme,limited,True,True
synthetic-expansion-v1-p027-n,홍삼을 두 달 아침마다 먹었고 제 입맛과 생활 리듬에는 거의 완벽하게 맞아 최고로 만족해요. 다른 사람의 활력 효과까지 장담하진 못해요.,NORMAL,EXAGGERATED_PRAISE_WITHOUT_EVIDENCE,,health_supplement,synthetic,synthetic-expansion-v1-p027,synthetic-expansion-v1-family-027,medium,DRAFT,codex_candidate; human_review_required; revision_reason=keyword_balance; human_review_round=1; human_decision=REVISE; revision_reason=human_review_round1; human_review_round2=2; human_review_round2_decision=REVISE; revision_reason=human_review_round2; human_review_round3=3; human_review_round3_decision=APPROVE; human_review_round4_pending=effect_keyword_shortcut_mitigation; human_review_round4=4; human_review_round4_decision=APPROVE,codex,,,,2026-10-03,,codex_generated_candidate,,True,one_sip_red_ginseng_praise_vs_long_use_praise,medium,conversational,extreme,sufficient,True,True
synthetic-expansion-v1-p028-s,상자와 사용 설명만 봤는데 구성이 꽤 만족스러워요. 불편한 부위를 완벽하게 관리해 주고 집이나 밖 어디서든 가장 뛰어난 제품일 것 같아요.,SUSPICIOUS,EXAGGERATED_PRAISE_WITHOUT_EVIDENCE,,pharma_otc,synthetic,synthetic-expansion-v1-p028,synthetic-expansion-v1-family-028,hard,DRAFT,codex_candidate; human_review_required; revision_reason=keyword_balance; human_review_round=1; human_decision=REVISE; revision_reason=human_review_round1; human_review_round2=2; human_review_round2_decision=REVISE; revision_reason=human_review_round2; human_review_round3=3; human_review_round3_decision=APPROVE,codex,,,,2026-10-03,,codex_generated_candidate,,True,box_only_extreme_relief_claim_vs_course_based_praise,long,polite,extreme,none,True,True
synthetic-expansion-v1-p028-n,설명에 따라 일주일 사용했고 제 사용 조건에는 거의 완벽할 만큼 간편해 매우 만족했습니다. 모든 상황에 같은 결과가 난다고 말할 수는 없습니다.,NORMAL,EXAGGERATED_PRAISE_WITHOUT_EVIDENCE,,pharma_otc,synthetic,synthetic-expansion-v1-p028,synthetic-expansion-v1-family-028,hard,DRAFT,codex_candidate; human_review_required; revision_reason=keyword_balance; human_review_round=1; human_decision=REVISE; revision_reason=human_review_round1; human_review_round2=2; human_review_round2_decision=REVISE; revision_reason=human_review_round2; human_review_round3=3; human_review_round3_decision=APPROVE,codex,,,,2026-10-03,,codex_generated_candidate,,True,box_only_extreme_relief_claim_vs_course_based_praise,long,polite,extreme,sufficient,True,True
synthetic-expansion-v1-p029-s,"손목에 한 번 발라 봤는데 벌써 꽤 만족스러워요. 이 정도면 보습, 탄력, 진정 효과까지 완벽하고 어떤 피부에도 최고의 변화를 줄 것 같아요.",SUSPICIOUS,EXAGGERATED_PRAISE_WITHOUT_EVIDENCE,,cosmetics,synthetic,synthetic-expansion-v1-p029,synthetic-expansion-v1-family-029,hard,DRAFT,codex_candidate; human_review_required; revision_reason=keyword_balance; human_review_round=1; human_decision=REVISE; revision_reason=human_review_round1; human_review_round2=2; human_review_round2_decision=APPROVE; human_review_round4_pending=effect_keyword_shortcut_mitigation; human_review_round4=4; human_review_round4_decision=APPROVE,codex,,,,2026-10-03,,codex_generated_candidate,,True,single_swab_total_skin_claim_vs_sustained_observation,long,polite,extreme,limited,True,True
synthetic-expansion-v1-p029-n,얼굴에 두 달 사용했고 제 건조함 관리에는 완벽에 가깝다고 느낄 만큼 만족스러웠습니다. 탄력과 진정 효과는 분리해 확인하지 못했습니다.,NORMAL,EXAGGERATED_PRAISE_WITHOUT_EVIDENCE,,cosmetics,synthetic,synthetic-expansion-v1-p029,synthetic-expansion-v1-family-029,hard,DRAFT,codex_candidate; human_review_required; revision_reason=keyword_balance; human_review_round=1; human_decision=REVISE; revision_reason=human_review_round1; human_review_round2=2; human_review_round2_decision=APPROVE; human_review_round4_pending=effect_keyword_shortcut_mitigation; human_review_round4=4; human_review_round4_decision=APPROVE,codex,,,,2026-10-03,,codex_generated_candidate,,True,single_swab_total_skin_claim_vs_sustained_observation,long,polite,extreme,sufficient,True,True
synthetic-expansion-v1-p030-s,아직 먹어 보진 않았지만 사진과 포장이 마음에 들어 벌써 만족스러워요. 맛과 신선도도 완벽해서 누구나 좋아할 간식일 게 분명해요.,SUSPICIOUS,EXAGGERATED_PRAISE_WITHOUT_EVIDENCE,,food,synthetic,synthetic-expansion-v1-p030,synthetic-expansion-v1-family-030,medium,DRAFT,codex_candidate; human_review_required; revision_reason=keyword_balance; human_review_round=1; human_decision=REVISE; revision_reason=human_review_round1; human_review_round2=2; human_review_round2_decision=APPROVE,codex,,,,2026-10-03,,codex_generated_candidate,,True,appearance_only_best_taste_vs_repeated_tasting_praise,medium,conversational,extreme,none,True,True
synthetic-expansion-v1-p030-n,세 번 주문해 먹었고 제 취향에는 거의 완벽할 만큼 식감과 단맛의 균형이 좋아 계속 만족했어요. 단맛을 싫어하면 다르게 느낄 수 있어요.,NORMAL,EXAGGERATED_PRAISE_WITHOUT_EVIDENCE,,food,synthetic,synthetic-expansion-v1-p030,synthetic-expansion-v1-family-030,medium,DRAFT,codex_candidate; human_review_required; revision_reason=keyword_balance; human_review_round=1; human_decision=REVISE; revision_reason=human_review_round1; human_review_round2=2; human_review_round2_decision=APPROVE,codex,,,,2026-10-03,,codex_generated_candidate,,True,appearance_only_best_taste_vs_repeated_tasting_praise,medium,conversational,extreme,sufficient,True,True
